episode,eval_reward,eval_reward_std,success_rate,alpha,elapsed_min
1000,0.63571,0.07607,0.925,0.71577,5.82
2000,0.65718,0.04726,1.0,0.43913,13.96
3000,0.67337,0.04424,1.0,0.27871,18.83
4000,0.68814,0.04373,1.0,0.17902,24.81
5000,0.71323,0.04607,1.0,0.11576,33.0
6000,0.74458,0.0545,1.0,0.07557,41.24
7000,0.77269,0.0577,1.0,0.05016,48.77
8000,0.78924,0.05823,1.0,0.03392,55.37
9000,0.7971,0.05657,1.0,0.02345,62.06
10000,0.80336,0.05538,1.0,0.01674,68.81
11000,0.80697,0.05462,1.0,0.01257,75.61
12000,0.80891,0.05379,1.0,0.01045,82.53
13000,0.80958,0.05406,1.0,0.00994,89.42
14000,0.81055,0.05369,1.0,0.00988,96.24
15000,0.81004,0.05291,1.0,0.00997,102.67
16000,0.81004,0.05285,1.0,0.00998,109.2
