task,heuristic_reward,heuristic_success,heuristic_plan_time_ms,heuristic_peak_a_y_g,heuristic_completion_time,heuristic_deadline_margin,heuristic_rms_lateral_error,heuristic_peak_articulation_deg,heuristic_max_front_slip_deg,mpc2_reward,mpc2_success,mpc2_plan_time_ms,mpc2_peak_a_y_g,mpc2_completion_time,mpc2_deadline_margin,mpc2_rms_lateral_error,mpc2_peak_articulation_deg,mpc2_max_front_slip_deg,rl_reward,rl_success,rl_plan_time_ms,rl_peak_a_y_g,rl_completion_time,rl_deadline_margin,rl_rms_lateral_error,rl_peak_articulation_deg,rl_max_front_slip_deg,optimum_reward,optimum_success,optimum_plan_time_ms,optimum_peak_a_y_g,optimum_completion_time,optimum_deadline_margin,optimum_rms_lateral_error,optimum_peak_articulation_deg,optimum_max_front_slip_deg
0,0.55396,1.0,0.0026,0.24072,14.13333,0.85821,0.07827,3.13092,1.48392,0.67513,1.0,29.1057,0.09484,14.94583,0.04571,0.02012,1.6748,1.38474,0.81925,1.0,0.852,0.07754,11.60833,3.38321,0.02422,1.45228,0.76507,0.81467,1.0,36132.7838,0.08328,11.81667,3.17488,0.0233,1.59349,0.88816
1,-0.2033,0.0,0.0044,0.29071,14.51667,-2.03718,0.0957,3.84211,1.80119,-1.0,0.0,136.2373,nan,nan,nan,nan,nan,nan,0.72118,1.0,0.4833,0.09458,10.67083,1.80866,0.03095,1.80938,0.95683,0.74301,1.0,25991.013,0.08431,11.00417,1.47532,0.02583,1.64903,0.86562
2,0.08689,0.0,0.0027,0.22658,13.72083,-1.31286,0.07405,3.25304,1.66153,-1.0,0.0,110.5241,nan,nan,nan,nan,nan,nan,0.7472,1.0,0.474,0.09074,10.775,1.63297,0.02102,1.50822,1.11545,0.76429,1.0,22427.1897,0.08653,11.52083,0.88714,0.01618,1.3899,1.0716
3,0.55829,1.0,0.0021,0.20721,12.19583,0.45151,0.07018,2.96996,1.39997,0.55941,0.0,22.9213,0.08655,12.74167,-0.09432,0.02335,1.5899,2.30009,0.79518,1.0,0.457,0.0739,10.75417,1.89318,0.01646,1.52779,0.90868,0.79572,1.0,20646.8629,0.07321,11.075,1.57235,0.01382,1.41511,0.84077
4,0.53337,1.0,0.0024,0.29952,14.36667,1.93609,0.09982,3.91672,1.78374,0.66014,0.0,32.9641,0.06851,16.32083,-0.01808,0.01694,1.32269,1.75623,0.77461,1.0,0.4267,0.09255,12.35417,3.94859,0.03251,1.8782,0.88565,0.78844,1.0,20714.2472,0.08732,13.35,2.95276,0.02824,1.83011,0.88585
5,0.53814,1.0,0.0022,0.26467,14.7375,0.58769,0.08335,3.15633,1.65181,0.6574,0.0,24.2891,0.11284,15.35,-0.02481,0.0168,1.24522,1.85012,0.8016,1.0,0.5316,0.09594,11.87917,3.44603,0.02855,1.41689,0.93047,0.82234,1.0,22380.326,0.08787,12.28333,3.04186,0.02444,1.21615,0.88687
6,0.52332,1.0,0.0022,0.23127,11.52083,0.50428,0.07963,3.53957,1.73663,0.52406,0.0,15.9328,0.10977,12.14583,-0.12072,0.02393,1.65482,2.56148,0.73575,1.0,0.6158,0.11822,10.67083,1.35428,0.02006,1.9725,1.38635,0.75336,1.0,19886.4846,0.08991,11.5875,0.43761,0.01309,1.38859,0.98107
7,0.65394,1.0,0.0019,0.21509,10.4875,3.71693,0.07154,2.67918,1.37517,0.75741,0.0,12.7656,0.05456,14.25417,-0.04973,0.00573,0.65833,1.22589,0.87906,1.0,0.4269,0.07464,11.70417,2.50027,0.00859,0.91219,0.8463,0.9091,1.0,19417.0732,0.05869,11.1875,3.01693,0.00698,0.69318,0.61695
8,0.57502,1.0,0.0019,0.22078,12.3125,1.08284,0.07311,2.96863,1.39168,0.67203,1.0,15.2051,0.0677,13.33333,0.062,0.01714,1.26932,1.7165,0.83191,1.0,0.5827,0.06431,10.88333,2.512,0.01577,1.3631,0.79461,0.84064,1.0,20722.2561,0.06704,10.75,2.64534,0.01322,1.3297,0.77994
9,0.55018,1.0,0.0039,0.28648,11.00833,1.89232,0.0933,3.65541,1.72336,0.6539,0.0,14.9336,0.07768,12.92083,-0.02018,0.01498,1.24741,1.97854,0.7967,1.0,0.4822,0.09224,10.91667,1.98399,0.01603,1.61715,1.06262,0.77607,1.0,19804.7319,0.09777,10.3875,2.51315,0.02009,1.84372,1.22191
10,0.40166,0.0,0.0119,0.28954,13.61667,-0.37036,0.08574,2.98761,1.47669,0.48609,0.0,17.3779,0.25223,13.37083,-0.12453,0.05636,3.29507,1.90664,0.83894,1.0,0.6149,0.0691,10.9,2.3463,0.01714,0.96556,0.73551,0.86646,1.0,20914.0093,0.06312,10.25,2.9963,0.01328,0.85998,0.73438
11,0.58796,1.0,0.003,0.2247,13.05417,2.36995,0.08015,3.47068,1.5852,0.64283,0.0,14.1036,0.06979,15.50417,-0.08005,0.01526,1.35733,1.79912,0.8169,1.0,0.5549,0.07671,12.35833,3.06578,0.02148,1.72719,0.90516,0.82414,1.0,22422.6122,0.07094,11.70417,3.71995,0.01909,1.60472,0.85659
12,0.28449,0.0,0.0034,0.21588,12.70833,-0.65977,0.07948,3.59995,1.64841,0.37417,0.0,16.8568,0.26937,12.17083,-0.12227,0.07461,4.91957,2.23318,0.68038,1.0,0.447,0.11708,10.59167,1.45689,0.03197,2.76517,1.47701,0.71398,1.0,21208.9651,0.1009,11.05,0.99856,0.02166,2.17594,1.16398
13,0.54872,1.0,0.0018,0.24869,15.11667,1.71385,0.08563,3.71792,1.76515,0.57579,0.0,14.9097,0.09634,16.92083,-0.09031,0.01862,1.62343,2.34016,0.7495,1.0,0.4844,0.11018,12.5,4.33052,0.03806,2.0449,1.02414,0.76381,1.0,19883.0143,0.10508,13.60833,3.22219,0.03388,1.97674,1.0183
14,0.63311,1.0,0.0027,0.20322,10.75417,4.00609,0.07432,3.09767,1.38642,0.59437,1.0,15.8242,0.09051,14.6625,0.09775,0.0191,1.74291,2.41958,0.83432,1.0,0.3771,0.06634,11.82917,2.93109,0.01447,1.47056,0.86701,0.85712,1.0,21414.9275,0.06443,12.2,2.56025,0.01262,1.33061,0.68381
15,0.64611,1.0,0.0034,0.19302,11.7375,2.67157,0.064,2.86445,1.44664,0.59157,0.0,15.5339,0.09689,14.49167,-0.0826,0.01555,1.40727,2.40757,0.85542,1.0,0.48,0.07545,11.50833,2.90073,0.01232,1.21106,0.91777,0.86643,1.0,23819.1734,0.07471,11.57083,2.83823,0.0104,1.11978,0.82841
16,0.58484,1.0,0.0028,0.28175,10.8,5.6826,0.09803,3.5843,1.89543,0.77386,1.0,18.1327,0.0638,16.44167,0.04094,0.00549,0.65041,1.27697,0.88124,1.0,0.5517,0.09643,13.6625,2.8201,0.00865,0.96407,1.11625,0.90148,1.0,19677.6536,0.0824,13.325,3.1576,0.00691,0.79652,0.95573
17,0.63558,1.0,0.003,0.1824,11.9375,2.17589,0.06324,2.77128,1.31648,0.65161,1.0,16.8672,0.07712,14.1,0.01339,0.01487,1.34579,2.06522,0.84082,1.0,0.5007,0.06724,11.42917,2.68422,0.01454,1.36289,0.8264,0.85529,1.0,20466.178,0.0696,11.16667,2.94672,0.01249,1.30691,0.77752
18,0.63184,1.0,0.0027,0.30213,12.06667,3.46882,0.08339,2.86959,1.42876,0.76582,1.0,21.2959,0.05769,15.47083,0.06465,0.00594,0.60731,1.38442,0.91182,1.0,1.3412,0.05617,12.05833,3.47715,0.00803,0.67284,0.698,0.9254,1.0,21577.9196,0.05042,12.3,3.23548,0.00639,0.57383,0.62227
19,0.56571,1.0,0.0025,0.31412,12.00417,4.32938,0.09946,3.97864,1.93298,0.72202,1.0,18.097,0.06542,16.27917,0.05438,0.01006,1.04835,1.5453,0.84735,1.0,0.435,0.07582,13.4375,2.89605,0.01535,1.38429,0.93478,0.87304,1.0,19279.9196,0.06232,13.25,3.08355,0.01336,1.13193,0.74232
20,0.58205,1.0,0.0045,0.20513,14.4875,1.32686,0.07291,3.02628,1.35381,0.65638,0.0,16.7455,0.0567,15.92083,-0.10647,0.01611,1.20375,1.48623,0.79995,1.0,0.9373,0.07759,11.96667,3.8477,0.02845,1.62015,0.73274,0.81378,1.0,21000.6991,0.07336,11.975,3.83936,0.02469,1.59647,0.74054
21,-0.19995,0.0,0.0026,0.26619,14.9875,-2.14326,0.08582,3.15365,1.40034,-1.0,0.0,103.1923,nan,nan,nan,nan,nan,nan,0.75684,1.0,0.5044,0.09148,10.29583,2.54841,0.03554,1.77411,0.7549,0.78313,1.0,18003.9123,0.08208,9.97083,2.87341,0.03132,1.65384,0.70937
22,0.59539,1.0,0.0024,0.29442,10.37917,6.55487,0.09304,3.538,1.67959,0.61761,1.0,19.3039,0.10274,16.77917,0.15487,0.01496,1.36643,2.53056,0.9046,1.0,1.1323,0.06095,12.88333,4.0507,0.00694,0.76488,0.71253,0.92306,1.0,19534.1955,0.0558,13.80417,3.12987,0.00569,0.68121,0.6385
23,0.56741,1.0,0.0025,0.31397,13.70833,2.69362,0.09973,3.74072,1.89359,0.66981,0.0,16.7534,0.08122,16.50417,-0.10221,0.00948,0.94277,1.86543,0.82921,1.0,0.377,0.08682,12.075,4.32695,0.02155,1.27745,0.93491,0.85018,1.0,26455.7006,0.08243,12.3875,4.01445,0.01678,1.18068,0.9669
24,-0.35671,0.0,0.0053,0.29788,15.09167,-2.51722,0.09355,3.72324,1.94016,-1.0,0.0,101.2653,nan,nan,nan,nan,nan,nan,0.70934,1.0,0.5668,0.12073,10.7,1.87445,0.03713,1.82702,1.12997,0.72232,1.0,44076.1093,0.11259,11.0625,1.51195,0.03311,1.67608,1.08895
25,0.19687,0.0,0.0021,0.20918,13.84167,-1.10669,0.06601,2.6049,1.25675,0.40815,0.0,23.5132,0.28552,12.775,-0.04003,0.07025,3.9722,2.37906,0.80285,1.0,0.4994,0.05998,10.37083,2.36414,0.01775,1.0715,0.97845,0.83332,1.0,19991.0102,0.05253,10.82083,1.91414,0.01355,0.94661,0.60898
26,0.51218,1.0,0.0036,0.26188,12.57917,0.93749,0.08966,3.85405,1.81815,0.54151,0.0,25.3173,0.10769,13.5375,-0.02084,0.02567,1.87316,2.5769,0.76269,1.0,0.4009,0.09567,11.03333,2.48332,0.02182,1.97675,1.18639,0.7664,1.0,30037.3686,0.08303,11.70417,1.81249,0.02299,1.69226,0.92741
27,0.61006,1.0,0.0037,0.24451,11.075,3.11152,0.0828,3.34979,1.6562,0.7279,1.0,17.4549,0.0666,14.1,0.08652,0.00963,0.97478,1.53528,0.82219,1.0,0.5985,0.09335,12.04167,2.14486,0.0138,1.44486,1.07879,0.8569,1.0,16056.9432,0.08345,11.32083,2.86569,0.01207,1.23445,0.87918
28,0.26608,0.0,0.0022,0.19945,13.93333,-0.83471,0.06944,2.98703,1.38711,0.38214,0.0,27.6813,0.25876,13.175,-0.07637,0.08354,4.80531,2.40609,0.78476,1.0,0.4756,0.07516,11.075,2.02363,0.02254,1.54105,0.79745,0.77015,1.0,19337.1594,0.09077,10.71667,2.38196,0.02684,1.86091,0.97024
29,0.57233,1.0,0.0019,0.26233,10.26667,4.99919,0.09271,4.01049,1.895,0.52077,1.0,14.3867,0.12655,15.2625,0.00335,0.02345,2.18189,2.81508,0.81575,1.0,0.3899,0.08426,12.925,2.34085,0.01385,1.51619,0.98447,0.86046,1.0,24556.8604,0.07213,12.5,2.76585,0.01147,1.24171,0.76314
30,0.608,1.0,0.0052,0.22348,11.6625,1.44293,0.068,2.65254,1.3024,0.66186,0.0,20.5075,0.07656,13.10833,-0.0029,0.01327,1.12203,2.08767,0.86035,1.0,0.3975,0.0587,10.47917,2.62627,0.01071,0.99264,0.74851,0.8663,1.0,27340.5233,0.05984,10.8625,2.24293,0.00915,0.94705,0.68804
31,0.58093,1.0,0.0026,0.26631,12.39167,2.12909,0.0836,3.29897,1.76908,0.65475,1.0,25.4736,0.09758,14.5125,0.00826,0.0121,1.07154,2.30487,0.86692,1.0,0.4719,0.08647,11.72083,2.79993,0.01036,0.99348,1.06775,0.86232,1.0,28489.261,0.09122,12.14167,2.37909,0.00926,0.97653,1.0735
32,0.39307,0.0,0.0023,0.26431,14.72917,-0.33422,0.0856,3.40375,1.81508,0.41076,1.0,32.621,0.32476,14.375,0.01995,0.08615,4.93296,2.77934,0.76174,1.0,0.5652,0.11947,11.55833,2.83662,0.03449,1.6775,1.17403,0.75831,1.0,27029.3212,0.13054,11.12083,3.27412,0.03412,1.81788,1.35541
33,0.60779,1.0,0.003,0.21331,11.275,2.16432,0.07197,3.0997,1.57477,0.67593,0.0,31.1547,0.07856,13.51667,-0.07735,0.01057,1.01311,1.7923,0.80802,1.0,0.7113,0.10703,11.43333,2.00598,0.01427,1.45505,1.22814,0.82578,1.0,28284.4012,0.08618,11.87917,1.56015,0.01067,1.10543,0.91725
34,0.50058,1.0,0.0041,0.32205,14.9375,0.43584,0.09706,3.58719,1.84615,0.62293,1.0,24.9079,0.16502,15.35833,0.01501,0.02903,2.112,1.57609,0.7718,1.0,0.8788,0.11203,11.975,3.39834,0.0346,1.6887,1.03021,0.79007,1.0,28578.5429,0.10372,11.79167,3.58167,0.03083,1.47631,0.98609
35,0.53495,1.0,0.0036,0.24884,14.025,0.27174,0.0794,3.08287,1.44018,0.60335,0.0,21.1249,0.10063,14.34583,-0.04909,0.02385,1.83728,1.8737,0.83795,1.0,0.5818,0.06594,11.13333,3.16341,0.02053,1.27939,0.66713,0.84453,1.0,29703.2162,0.06541,11.12083,3.17591,0.01868,1.2929,0.70198
36,0.56078,1.0,0.0033,0.26565,11.61667,4.27639,0.09885,4.14382,1.84718,0.54179,1.0,22.7842,0.10462,15.875,0.01806,0.02385,2.16091,2.61581,0.8204,1.0,0.748,0.06957,13.00417,2.88889,0.01903,1.72686,0.85045,0.8147,1.0,29599.2678,0.07855,13.27917,2.61389,0.01769,1.85721,0.91742
37,0.51713,1.0,0.0029,0.28724,13.40417,0.42737,0.08855,3.38282,1.68156,0.50516,0.0,19.1045,0.11905,13.94167,-0.11013,0.02283,1.68329,2.80169,0.83035,1.0,0.5382,0.06959,11.08333,2.74821,0.01577,1.10368,0.88132,0.81388,1.0,25526.2666,0.0785,11.77083,2.06071,0.01539,1.21297,0.93951
38,0.55263,1.0,0.0024,0.27787,11.01667,1.3746,0.09059,3.38249,1.61501,0.74715,1.0,20.7247,0.09365,12.34167,0.0496,0.01247,1.01316,1.04315,0.79258,1.0,0.5707,0.12259,10.28333,2.10793,0.01785,1.46029,1.40738,0.8402,1.0,26088.5565,0.0792,10.44583,1.94543,0.00915,0.8181,0.89469
39,0.64868,1.0,0.0044,0.23419,10.275,3.86646,0.07481,2.80845,1.34094,0.70994,1.0,16.9112,0.07475,14.05,0.09146,0.00886,0.82682,1.90368,0.90421,1.0,0.7612,0.06827,11.11667,3.0248,0.00712,0.72586,0.75751,0.91457,1.0,26061.8948,0.05758,11.29583,2.84563,0.00612,0.60062,0.61043
